{
  "HomePage" : {
    "transaction" : "HomePage",
    "sampleCount" : 1,
    "errorCount" : 1,
    "errorPct" : 100.0,
    "meanResTime" : 1043.0,
    "medianResTime" : 1043.0,
    "minResTime" : 1043.0,
    "maxResTime" : 1043.0,
    "pct1ResTime" : 1043.0,
    "pct2ResTime" : 1043.0,
    "pct3ResTime" : 1043.0,
    "throughput" : 0.9587727708533077,
    "receivedKBytesPerSec" : 17.936728487535955,
    "sentKBytesPerSec" : 0.11048358101629914
  },
  "Total" : {
    "transaction" : "Total",
    "sampleCount" : 3,
    "errorCount" : 1,
    "errorPct" : 33.333332,
    "meanResTime" : 359.33333333333337,
    "medianResTime" : 18.0,
    "minResTime" : 17.0,
    "maxResTime" : 1043.0,
    "pct1ResTime" : 1043.0,
    "pct2ResTime" : 1043.0,
    "pct3ResTime" : 1043.0,
    "throughput" : 2.626970227670753,
    "receivedKBytesPerSec" : 44.01372318301226,
    "sentKBytesPerSec" : 0.4147397657618214
  },
  "AboutUS" : {
    "transaction" : "AboutUS",
    "sampleCount" : 1,
    "errorCount" : 0,
    "errorPct" : 0.0,
    "meanResTime" : 17.0,
    "medianResTime" : 17.0,
    "minResTime" : 17.0,
    "maxResTime" : 17.0,
    "pct1ResTime" : 17.0,
    "pct2ResTime" : 17.0,
    "pct3ResTime" : 17.0,
    "throughput" : 58.8235294117647,
    "receivedKBytesPerSec" : 930.3193933823529,
    "sentKBytesPerSec" : 10.512408088235293
  },
  "services" : {
    "transaction" : "services",
    "sampleCount" : 1,
    "errorCount" : 0,
    "errorPct" : 0.0,
    "meanResTime" : 18.0,
    "medianResTime" : 18.0,
    "minResTime" : 18.0,
    "maxResTime" : 18.0,
    "pct1ResTime" : 18.0,
    "pct2ResTime" : 18.0,
    "pct3ResTime" : 18.0,
    "throughput" : 55.55555555555555,
    "receivedKBytesPerSec" : 874.4574652777778,
    "sentKBytesPerSec" : 9.98263888888889
  }
}